cenario,lambda,tau,pi_sold_teorico,E[S]_teorico,E[Ciclo]_teorico,E[TOM]_teorico,E[TOM]_simulado,DP,IC95_inf,IC95_sup,erro_rel_%,csv
demanda_alta,0.08,1.0,0.6376610505450941,4.578790882061448,17.078790882061448,26.783493938451976,27.208946893274643,23.318226446400605,26.751909654925193,27.665984131624093,1.588489372597731,resultados\demanda_alta.csv
demanda_baixa,0.04,1.0,0.6376610505450941,4.578790882061448,29.578790882061448,46.3863848305875,47.14188608560341,42.43289879180765,46.31020126928398,47.97357090192284,1.6287133773738818,resultados\demanda_baixa.csv
